,Country,Model,Price,Km,Year,Power_Hd,Fuel,Gearbox,CO2,Consumption
0,NL,MINI Cooper,1999.0,161090 ,2004,116 hp,Gasoline,Manual,165 ,6.8 
1,NL,MINI Cooper,2299.0,212687 ,2004,116 hp,Gasoline,Manual,166 ,6.9 
2,NL,MINI Cooper,2950.0,227706 ,2002,116 hp,Gasoline,Manual,163 ,6.7 
3,NL,MINI Cooper S,3499.0,178538 ,2004,163 hp,Gasoline,Manual,202 ,8.4 
4,NL,MINI One,3499.0,185865 ,2002,90 hp,Gasoline,Automatic,187 ,7.7 
5,NL,MINI One,3850.0,147025 ,2005,90 hp,Gasoline,Manual,164 ,6.8 
6,NL,MINI One,3944.0,189421 ,2009,75 hp,Gasoline,Manual,- (,- (
7,NL,MINI Cooper,3999.0,183219 ,2007,120 hp,Gasoline,Manual,139 ,- (
8,NL,MINI Cooper,4250.0,183488 ,2004,116 hp,Gasoline,Manual,165 ,6.8 
9,NL,MINI One,4450.0,149503 ,2005,90 hp,Gasoline,Manual,- (,- (
10,NL,MINI Cooper D,4745.0,253914 ,2008,109 hp,Diesel,Manual,104 ,3.9 
11,NL,MINI Cooper D,4945.0,195027 ,2008,109 hp,Diesel,Manual,104 ,3.9 
12,NL,MINI Cooper,4945.0,171826 ,2006,116 hp,Gasoline,Manual,166 ,6.9 
13,NL,MINI Cooper,4950.0,135510 ,2007,120 hp,Gasoline,Manual,139 ,- (
14,,,,,,116 hp,,,,
15,NL,MINI Cooper,5750.0,115985 ,2005,120 hp,Gasoline,Automatic,187 ,- (
16,NL,MINI Cooper,5750.0,121823 ,2007,116 hp,Gasoline,Manual,139 ,5.8 
17,,,,,,120 hp,,,,
18,NL,MINI Cooper Cabrio,6999.0,162131 ,2007,75 hp,Gasoline,Manual,174 ,7.3 
19,NL,MINI Cooper,7445.0,127157 ,2008,90 hp,Gasoline,Automatic,156 ,6.5 
20,NL,MINI One,7790.0,153621 ,2013,120 hp,Gasoline,Manual,121 ,5.2 
21,NL,MINI One,7945.0,56733 ,2004,163 hp,Gasoline,Automatic,187 ,7.7 
22,NL,MINI Cooper Cabrio,7949.0,159076 ,2009,174 hp,Gasoline,Manual,137 ,5.7 
23,NL,MINI Cooper S,7950.0,124239 ,2003,163 hp,Gasoline,Manual,- (,8.4 
24,NL,MINI Cooper S Clubman,8445.0,137595 ,2008,184 hp,Gasoline,Manual,150 ,6.3 
25,NL,MINI Cooper S Cabrio,8445.0,110393 ,2006,122 hp,Gasoline,Manual,211 ,8.8 
26,NL,MINI Cooper S Clubman,8950.0,231555 ,2011,98 hp,Gasoline,Manual,137 ,5.9 
27,NL,MINI Cooper,8950.0,156117 ,2010,175 hp,Gasoline,Manual,140 ,6 
28,,,,,,184 hp,,,,
29,NL,MINI One Clubman,10945.0,118030 ,2012,143 hp,Gasoline,Manual,129 ,5.5 
30,NL,MINI Cooper S Cabrio,10950.0,131805 ,2009,102 hp,Gasoline,Manual,153 ,6.6 
31,NL,MINI Cooper S,10950.0,129995 ,2013,122 hp,Gasoline,Manual,137 ,5.9 
32,NL,MINI Cooper,11240.0,164268 ,2012,184 hp,Diesel,Automatic,160 ,- (
33,NL,MINI Cooper,11385.0,64015 ,2015,136 hp,Gasoline,Manual,108 ,4.6 
34,NL,MINI Cooper,11400.0,73591 ,2011,184 hp,Gasoline,Manual,127 ,5.4 
35,NL,MINI Cooper Countryman,11745.0,158848 ,2011,122 hp,Gasoline,Manual,143 ,6.1 
36,,,,,,122 hp,,,,
37,NL,MINI Cooper,11900.0,162624 ,2014,136 hp,Gasoline,Manual,105 ,4.5 
38,NL,MINI Cooper S Countryman,11945.0,141909 ,2013,95 hp,Gasoline,Manual,143 ,6.1 
39,NL,MINI Cooper,11950.0,78985 ,2010,122 hp,Gasoline,Automatic,150 ,6.4 
40,NL,MINI Cooper Clubman,11950.0,74959 ,2012,136 hp,Gasoline,Manual,129 ,5.5 
41,NL,MINI Cooper,11999.0,142758 ,2014,184 hp,Gasoline,Manual,105 ,4.5 
42,NL,MINI One,12450.0,28263 ,2009,184 hp,Gasoline,Automatic,155 ,6.5 
43,NL,MINI Cooper,12900.0,23910 ,2011,98 hp,Gasoline,Manual,127 ,5.4 
44,NL,MINI Cooper,12940.0,143922 ,2017,102 hp,Gasoline,Manual,107 ,4.6 
45,NL,MINI Cooper S,12945.0,101898 ,2013,122 hp,Gasoline,Manual,136 ,5.8 
46,NL,MINI Cooper Countryman,12945.0,131770 ,2012,136 hp,Gasoline,Manual,157 ,- (
47,,,,,,184 hp,,,,
48,NL,MINI One Countryman,14350.0,94291 ,2015,75 hp,Gasoline,Manual,134 ,5.7 
49,NL,MINI One,14350.0,48350 ,2018,211 hp,Gasoline,Manual,111 ,4.6 
50,NL,MINI Cooper Paceman,14400.0,116113 ,2014,122 hp,Gasoline,Manual,140 ,6 
51,NL,MINI Cooper,14550.0,63305 ,2016,98 hp,Gasoline,Manual,105 ,4.5 
52,NL,MINI Cooper S Paceman,14550.0,63417 ,2013,143 hp,Gasoline,Manual,157 ,6.7 
53,NL,MINI Cooper,14650.0,112908 ,2018,136 hp,Gasoline,Manual,- (,0 
54,NL,MINI John Cooper Works,14650.0,105462 ,2012,136 hp,Gasoline,Manual,165 ,6.6 
55,NL,MINI Cooper Coupe,14750.0,34583 ,2015,102 hp,Gasoline,Manual,127 ,5.4 
56,NL,MINI One Countryman,14845.0,105653 ,2015,102 hp,Gasoline,Manual,134 ,5.7 
57,NL,MINI Cooper Countryman,14845.0,134751 ,2013,122 hp,Diesel,Automatic,150 ,5.7 
58,NL,MINI Cooper,14945.0,155238 ,2016,192 hp,Gasoline,Manual,105 ,4.5 
59,NL,MINI Cooper,14945.0,81909 ,2015,184 hp,Gasoline,Manual,111 ,4.8 
60,NL,MINI One,15090.0,42218 ,2017,184 hp,Gasoline,Manual,109 ,- (
61,NL,MINI One,15350.0,22015 ,2015,136 hp,Gasoline,Manual,0 ,4.6 
62,NL,MINI Cooper Cabrio,15439.0,43531 ,2014,102 hp,Gasoline,Manual,133 ,5.7 
63,NL,MINI Cooper S,15790.0,99331 ,2015,102 hp,Gasoline,Manual,136 ,5.8 
64,NL,MINI Cooper S Countryman,15895.0,39781 ,2012,136 hp,Gasoline,Automatic,166 ,7.1 
65,NL,MINI Cooper S Cabrio,15940.0,79996 ,2012,122 hp,Gasoline,Manual,139 ,6 
66,NL,MINI,15990.0,109251 ,2016,192 hp,Gasoline,Manual,105 ,- (
67,NL,MINI One,16390.0,53027 ,2018,192 hp,Gasoline,Manual,111 ,- (
68,NL,MINI One,16450.0,88375 ,2018,102 hp,Gasoline,Manual,112 ,4.9 
69,NL,MINI Cooper Clubman,16500.0,133014 ,2016,136 hp,Gasoline,Manual,121 ,5.2 
70,NL,MINI Cooper Countryman,16550.0,38839 ,2014,102 hp,Gasoline,Manual,140 ,6 
71,NL,MINI Cooper S,16950.0,155984 ,2014,150 hp,Gasoline,Automatic,- (,5.4 
72,NL,MINI Cooper S,16950.0,127145 ,2016,102 hp,Gasoline,Manual,133 ,5.7 
73,NL,MINI One,16950.0,38584 ,2017,136 hp,Gasoline,Manual,109 ,4.7 
74,NL,MINI Cooper Clubman,16950.0,96924 ,2017,136 hp,Gasoline,Manual,121 ,5.2 
75,NL,MINI One,16990.0,29974 ,2017,184 hp,Gasoline,Manual,109 ,- (
76,NL,MINI Cooper D Clubman,16995.0,65845 ,2016,75 hp,Diesel,Automatic,113 ,4.3 
77,NL,MINI One,17445.0,72944 ,2015,136 hp,Gasoline,Automatic,114 ,4.9 
78,NL,MINI Cooper,17500.0,94271 ,2017,184 hp,Gasoline,Manual,109 ,4.7 
79,NL,MINI Cooper,17500.0,58710 ,2015,136 hp,Gasoline,Automatic,111 ,4.8 
80,NL,MINI Cooper S Paceman,17850.0,117583 ,2013,136 hp,Gasoline,Automatic,180 ,7.7 
81,NL,MINI One,17950.0,27202 ,2018,136 hp,Gasoline,Manual,0 ,5.4 
82,NL,MINI Cooper Cabrio,17990.0,147205 ,2016,102 hp,Gasoline,Manual,118 ,5.1 
83,NL,MINI Cooper Countryman,18100.0,75187 ,2014,136 hp,Gasoline,Automatic,166 ,7.1 
84,NL,MINI Cooper,18240.0,77732 ,2016,122 hp,Gasoline,Automatic,114 ,- (
85,NL,MINI Cooper,18500.0,69865 ,2017,192 hp,Gasoline,Manual,105 ,4.5 
86,NL,MINI Cooper,18500.0,91200 ,2016,218 hp,Gasoline,Automatic,0 ,4.9 
87,NL,MINI One,18589.0,65918 ,2018,136 hp,Gasoline,Automatic,117 ,5.7 
88,NL,MINI Cooper Clubman,18750.0,74088 ,2016,192 hp,Gasoline,Manual,123 ,5.3 
89,NL,MINI Cooper Cabrio,18950.0,49895 ,2015,192 hp,Gasoline,Manual,133 ,5.7 
90,NL,MINI Cooper S,19745.0,81806 ,2015,163 hp,Gasoline,Automatic,125 ,5.4 
91,NL,MINI Cooper S Paceman,19945.0,105602 ,2015,136 hp,Gasoline,Automatic,179 ,7.7 
92,NL,MINI Cooper Clubman,19945.0,93919 ,2016,136 hp,Gasoline,Automatic,121 ,5.2 
93,NL,MINI Cooper S,19945.0,58992 ,2015,192 hp,Gasoline,Automatic,125 ,5.4 
94,NL,MINI Cooper S,19950.0,135495 ,2017,102 hp,Gasoline,Automatic,125 ,5.4 
95,NL,MINI Cooper S,19995.0,100102 ,2002,122 hp,Gasoline,Manual,202 ,8.4 
96,NL,MINI,21450.0,93490 ,2018,150 hp,Gasoline,Automatic,121 ,5.2 
97,NL,MINI Cooper Clubman,21490.0,65789 ,2017,190 hp,Gasoline,Automatic,118 ,- (
98,NL,MINI Cooper S,21495.0,86175 ,2014,136 hp,Gasoline,Automatic,125 ,5.4 
99,NL,MINI One,21500.0,46679 ,2018,102 hp,Gasoline,Automatic,0 ,4.8 
100,NL,MINI Cooper Countryman,21950.0,32861 ,2016,192 hp,Gasoline,Manual,142 ,6.1 
101,NL,MINI Cooper D Clubman,22138.0,78296 ,2018,136 hp,Diesel,Manual,112 ,4.3 
102,NL,MINI Cooper SD Clubman,22250.0,97639 ,2018,231 hp,Diesel,Automatic,129 ,4.8 
103,NL,MINI Cooper,22550.0,15806 ,2019,211 hp,Gasoline,Manual,122 ,5.4 
104,NL,MINI One Countryman,23249.0,52275 ,2018,192 hp,Gasoline,Automatic,134 ,5.9 
105,NL,MINI Cooper S,23880.0,64102 ,2017,192 hp,Gasoline,Manual,136 ,5.8 
106,NL,MINI Cooper Cabrio,23945.0,55827 ,2016,136 hp,Gasoline,Automatic,119 ,5.1 
107,NL,MINI John Cooper Works,23990.0,106436 ,2016,163 hp,Gasoline,Automatic,133 ,5.7 
108,NL,MINI John Cooper Works Cabrio,23990.0,60887 ,2014,211 hp,Gasoline,Manual,157 ,6.8 
109,NL,MINI Cooper S Clubman,23999.0,93697 ,2016,192 hp,Gasoline,Automatic,134 ,5.8 
110,NL,MINI Cooper S Clubman,24850.0,86745 ,2016,136 hp,Gasoline,Automatic,- (,5.9 
111,NL,MINI Cooper,24880.0,23979 ,2018,136 hp,Gasoline,Automatic,- (,5.8 
112,NL,MINI Cooper S,24950.0,44164 ,2016,231 hp,Gasoline,Automatic,126 ,- (
113,NL,MINI John Cooper Works Cabrio,24950.0,77434 ,2014,192 hp,Gasoline,Manual,0 ,6.8 
114,NL,MINI Cooper S Cabrio,25445.0,94859 ,2016,192 hp,Gasoline,Manual,142 ,6.1 
115,NL,MINI Cooper,25475.0,67565 ,2019,192 hp,Gasoline,Automatic,0 ,5.8 
116,NL,MINI Cooper,25950.0,39370 ,2017,136 hp,Gasoline,Automatic,123 ,5.3 
117,NL,MINI John Cooper Works Clubman,25950.0,100470 ,2017,192 hp,Gasoline,Automatic,154 ,6.8 
118,NL,MINI Cooper Countryman,25990.0,115496 ,2017,136 hp,Gasoline,Automatic,137 ,- (
119,NL,MINI Cooper S,26880.0,15376 ,2019,232 hp,Gasoline,Manual,149 ,6.5 
120,NL,MINI Cooper S Cabrio,26888.0,30762 ,2016,192 hp,Gasoline,Manual,142 ,6.1 
121,NL,MINI Cooper,26950.0,20752 ,2019,192 hp,Gasoline,Automatic,116 ,5.2 
122,NL,MINI Cooper S Clubman,26950.0,54000 ,2017,231 hp,Gasoline,Automatic,- (,6.2 
123,NL,MINI Cooper Countryman,26950.0,46186 ,2018,231 hp,Gasoline,Automatic,- (,5.8 
124,NL,MINI John Cooper Works,27790.0,72669 ,2017,192 hp,Gasoline,Automatic,133 ,- (
125,NL,MINI Cooper S,27880.0,27441 ,2018,136 hp,Gasoline,Automatic,126 ,5.4 
126,NL,MINI Cooper S,28450.0,12300 ,2020,192 hp,Gasoline,Manual,149 ,6.5 
127,NL,MINI John Cooper Works Clubman,28500.0,98954 ,2017,190 hp,Gasoline,Automatic,- (,6.4 
128,NL,MINI John Cooper Works,28750.0,47885 ,2017,192 hp,Gasoline,Automatic,- (,5.7 
129,NL,MINI Cooper S,29795.0,36250 ,2019,192 hp,Gasoline,Automatic,- (,6.2 
130,NL,MINI Cooper S Countryman,29950.0,52352 ,2018,192 hp,Electric/Gasoline,Automatic,- (,2.1 
131,NL,MINI Cooper S,30250.0,26237 ,2019,136 hp,Gasoline,Automatic,127 ,5.6 
132,NL,MINI Cooper S Clubman,30450.0,59232 ,2018,136 hp,Gasoline,Automatic,137 ,5.9 
133,NL,MINI Cooper S Countryman,30450.0,47835 ,2018,136 hp,Gasoline,Automatic,- (,6.4 
134,NL,MINI Cooper S Cabrio,30900.0,54863 ,2018,136 hp,Gasoline,Automatic,134 ,5.8 
135,NL,MINI Cooper S Countryman,30925.0,70959 ,2017,136 hp,Gasoline,Automatic,150 ,6.4 
136,,,,,,136 hp,,,,
137,NL,MINI Cooper Cabrio,31850.0,19598 ,2019,136 hp,Gasoline,Automatic,122 ,5.4 
138,NL,MINI Cooper,31990.0,7112 ,2021,136 hp,Gasoline,Automatic,- (,- (
139,NL,MINI Cooper,31990.0,8471 ,2021,192 hp,Gasoline,Automatic,- (,- (
140,NL,MINI Cooper,31990.0,7974 ,2021,231 hp,Gasoline,Automatic,- (,- (
141,NL,MINI Cooper,31990.0,7325 ,2021,136 hp,Gasoline,Automatic,- (,- (
142,NL,MINI Cooper,31990.0,8710 ,2021,179 hp,Gasoline,Automatic,- (,- (
143,NL,MINI Cooper,31990.0,6785 ,2021,231 hp,Gasoline,Automatic,- (,- (
144,NL,MINI Cooper,31990.0,6928 ,2021,231 hp,Gasoline,Automatic,- (,- (
145,NL,MINI Cooper S,31990.0,5627 ,2019,136 hp,Gasoline,Automatic,0 ,5.7 
146,NL,MINI John Cooper Works,32850.0,74654 ,2018,184 hp,Gasoline,Automatic,- (,5.7 
147,NL,MINI Cooper Countryman,32880.0,27558 ,2019,192 hp,Gasoline,Automatic,- (,5.8 
148,NL,MINI Cooper S,32900.0,2333 ,2020,224 hp,Gasoline,Manual,0 ,6.4 
149,NL,MINI John Cooper Works Clubman,33500.0,36884 ,2017,231 hp,Gasoline,Automatic,- (,6.4 
150,NL,MINI John Cooper Works,33850.0,58685 ,2019,231 hp,Gasoline,Manual,- (,7.2 
151,NL,MINI Cooper,34795.0,7826 ,2021,136 hp,Gasoline,Automatic,0 ,5.8 
152,NL,MINI Cooper,35495.0,4501 ,2021,136 hp,Electric,Automatic,0 ,- (
153,NL,MINI Cooper S Countryman,36400.0,9563 ,2019,136 hp,Gasoline,Manual,143 ,6.5 
154,NL,MINI Cooper Countryman,36400.0,8430 ,2019,224 hp,Electric/Gasoline,Automatic,42 ,2.1 
155,NL,MINI John Cooper Works,36875.0,6869 ,2020,306 hp,Gasoline,Automatic,- (,7 
156,NL,MINI John Cooper Works,37990.0,21845 ,2019,306 hp,Gasoline,Automatic,- (,7 
157,NL,MINI Cooper Countryman,38900.0,10923 ,2020,306 hp,Electric/Gasoline,Automatic,- (,- (
158,NL,MINI John Cooper Works Countryman,39799.0,9182 ,2021,306 hp,Gasoline,Automatic,148 ,6.3 
159,NL,MINI Cooper,42950.0,234 ,2021,306 hp,Gasoline,Automatic,0 ,6.3 
160,NL,MINI Cooper S Countryman,45975.0,15421 ,2021,163 hp,Electric/Gasoline,Automatic,- (,1.7 
161,NL,MINI John Cooper Works Clubman,46925.0,15650 ,2020,,Gasoline,Automatic,- (,7.8 
162,NL,MINI John Cooper Works Countryman,47880.0,15601 ,2020,,Gasoline,Automatic,166 ,7.3 
163,NL,MINI John Cooper Works Clubman,47900.0,26250 ,2020,,Gasoline,Automatic,182 ,7 
164,NL,MINI John Cooper Works Clubman,48795.0,24984 ,2020,,Gasoline,Automatic,161 ,7.8 
165,NL,MINI John Cooper Works,49880.0,4730 ,2020,,Gasoline,Automatic,167 ,- (
166,NL,MINI Cooper S,2949.0,241421 ,2003,,Gasoline,Manual,202 ,8.4 
167,BE,MINI One,3900.0,217081 ,2009,75 hp,Gasoline,Manual,128 ,- (
168,BE,MINI Cooper Cabrio,6490.0,155000 ,2007,116 hp,Gasoline,Automatic,182 ,7.6 
169,BE,MINI Cooper D,9999.0,60790 ,2013,111 hp,Diesel,Manual,99 ,3.8 
170,BE,MINI Cooper,12950.0,99946 ,2016,136 hp,Gasoline,Manual,105 ,4.5 
171,BE,MINI One,14390.0,66452 ,2016,102 hp,Gasoline,Automatic,112 ,4.8 
172,BE,MINI One,15600.0,70000 ,2018,102 hp,Gasoline,Manual,112 ,4.9 
173,BE,MINI Cooper D,15990.0,99000 ,2016,116 hp,Diesel,Automatic,99 ,3.6 
174,BE,MINI One,15990.0,39897 ,2017,102 hp,Gasoline,Automatic,112 ,4.8 
175,BE,MINI One,16500.0,56242 ,2017,75 hp,Gasoline,Manual,117 ,- (
176,BE,MINI One,16650.0,61960 ,2018,102 hp,Gasoline,Manual,122 ,- (
177,BE,MINI Cooper SD Countryman,16999.0,99000 ,2014,143 hp,Diesel,Automatic,150 ,5.7 
178,BE,MINI One,17450.0,39587 ,2019,102 hp,Gasoline,Manual,122 ,5.4 
179,BE,MINI Cooper Cabrio,17500.0,69436 ,2015,111 hp,Diesel,Manual,- (,- (
180,BE,MINI One,18300.0,16699 ,2018,102 hp,Gasoline,Manual,124 ,5.5 
181,BE,MINI Cooper,19450.0,42735 ,2018,136 hp,Gasoline,Manual,105 ,4.5 
182,BE,MINI One,19495.0,28377 ,2019,102 hp,Gasoline,Manual,122 ,5 
183,BE,MINI One,19900.0,58383 ,2018,102 hp,Gasoline,Manual,124 ,5.5 
184,BE,MINI One,19950.0,47998 ,2021,102 hp,Gasoline,Manual,122 ,- (
185,BE,MINI Cooper Cabrio,20890.0,63800 ,2017,136 hp,Gasoline,Automatic,119 ,5.1 
186,BE,MINI Cooper Clubman,20900.0,76181 ,2017,136 hp,Gasoline,Automatic,121 ,5.1 
187,BE,MINI One Countryman,20990.0,54500 ,2018,102 hp,Gasoline,Automatic,124 ,5.5 
188,BE,MINI Cooper,21900.0,6890 ,2019,136 hp,Gasoline,Manual,117 ,- (
189,BE,MINI Cooper S,21950.0,89970 ,2016,192 hp,Gasoline,Automatic,126 ,5 
190,BE,MINI Cooper S Clubman,22300.0,52560 ,2016,192 hp,Gasoline,Manual,147 ,6.2 
191,BE,MINI Cooper Countryman,22900.0,59486 ,2018,136 hp,Gasoline,Automatic,132 ,- (
192,BE,MINI Cooper S Clubman,24500.0,57826 ,2019,192 hp,Gasoline,Manual,0 ,- (
193,BE,MINI Cooper,24800.0,17145 ,2020,136 hp,Gasoline,Manual,143 ,5.8 
194,BE,MINI One,25495.0,5801 ,2021,102 hp,Gasoline,Manual,118 ,5.2 
195,BE,MINI Cooper,25499.0,31500 ,2018,136 hp,Gasoline,Automatic,110 ,4.8 
196,BE,MINI John Cooper Works,25500.0,59800 ,2015,231 hp,Gasoline,Automatic,133 ,6 
197,BE,MINI Cooper Cabrio,25850.0,51760 ,2019,136 hp,Gasoline,Automatic,125 ,- (
198,BE,MINI Cooper SD Countryman,25900.0,65112 ,2017,190 hp,Diesel,Automatic,121 ,- (
199,BE,MINI Cooper Cabrio,25900.0,47400 ,2018,136 hp,Gasoline,Automatic,123 ,- (
200,BE,MINI Cooper S Clubman,26000.0,21603 ,2018,192 hp,Gasoline,Automatic,137 ,5.9 
201,BE,MINI John Cooper Works Clubman,26500.0,35600 ,2018,231 hp,Gasoline,Manual,168 ,7.4 
202,BE,MINI Cooper S,26950.0,34833 ,2018,192 hp,Gasoline,Automatic,125 ,5.4 
203,BE,MINI Cooper S Clubman,27900.0,5988 ,2020,192 hp,Gasoline,Manual,147 ,- (
204,BE,MINI Cooper,27900.0,25 ,2021,136 hp,Gasoline,Automatic,112 ,4.9 
205,BE,MINI Cooper S,28490.0,38000 ,2019,192 hp,Gasoline,Automatic,127 ,5.2 
206,BE,MINI Cooper SD Countryman,28800.0,74855 ,2018,190 hp,Diesel,Automatic,122 ,- (
207,BE,MINI Cooper,28900.0,18263 ,2020,136 hp,Gasoline,Automatic,109 ,- (
208,BE,MINI Cooper S,29250.0,10250 ,2019,163 hp,Gasoline,Automatic,120 ,5.3 
209,BE,MINI John Cooper Works,31900.0,61282 ,2020,231 hp,Gasoline,Automatic,0 ,- (
210,BE,MINI Cooper S,32000.0,9607 ,2020,192 hp,Gasoline,Automatic,120 ,5.3 
211,BE,MINI Cooper D Countryman,32900.0,8400 ,2020,150 hp,Diesel,Automatic,111 ,- (
212,BE,MINI John Cooper Works,33900.0,25000 ,2020,231 hp,Gasoline,Automatic,139 ,- (
213,BE,MINI John Cooper Works,33950.0,25735 ,2018,231 hp,Gasoline,Automatic,130 ,5.7 
214,BE,MINI Cooper Cabrio,35900.0,11837 ,2021,136 hp,Gasoline,Automatic,120 ,- (
215,BE,MINI John Cooper Works,45900.0,7200 ,2021,306 hp,Gasoline,Automatic,189 ,6 
216,BE,MINI John Cooper Works,46950.0,344 ,2020,306 hp,Gasoline,Automatic,167 ,- (
217,BE,MINI One,3250.0,176869 ,2003,90 hp,Gasoline,Manual,158 ,6.5 
218,BE,MINI One,4300.0,122000 ,2002,90 hp,Gasoline,Manual,158 ,6.5 
219,BE,MINI One,4950.0,175455 ,2004,90 hp,Gasoline,Manual,158 ,6.5 
220,BE,MINI One Cabrio,5800.0,142760 ,2005,90 hp,Gasoline,Manual,168 ,7 
221,BE,MINI Cooper D,6790.0,140000 ,2010,109 hp,Diesel,Manual,104 ,3.9 
222,BE,MINI One D,7490.0,124620 ,2010,90 hp,Diesel,Manual,99 ,3.8 
223,BE,MINI Cooper Coupe,9450.0,104979 ,2013,122 hp,Gasoline,Manual,127 ,5.4 
224,BE,MINI Cooper D Countryman,9900.0,168000 ,2011,111 hp,Diesel,Manual,129 ,4.9 
225,BE,MINI One Cabrio,9990.0,70315 ,2010,98 hp,Gasoline,Manual,133 ,5.7 
226,BE,MINI Cooper S,10990.0,86231 ,2013,163 hp,Gasoline,Automatic,149 ,6.4 
227,BE,MINI Cooper,11290.0,115047 ,2016,95 hp,Diesel,Manual,89 ,3.5 
228,BE,MINI Cooper D,12900.0,128908 ,2014,116 hp,Diesel,Automatic,99 ,3.6 
229,BE,MINI One,13400.0,70238 ,2017,75 hp,Gasoline,Manual,117 ,4.6 
230,BE,MINI One D Countryman,13495.0,90353 ,2015,90 hp,Diesel,Manual,- (,- (
231,BE,MINI Cooper D Countryman,13499.0,103000 ,2016,111 hp,Diesel,Manual,111 ,4.2 
232,BE,MINI Cooper Cabrio,13500.0,76561 ,2010,163 hp,Gasoline,Manual,139 ,6 
233,BE,MINI Cooper Countryman,13900.0,117312 ,2014,116 hp,Gasoline,Manual,140 ,6 
234,BE,MINI Cooper Roadster,13950.0,93011 ,2013,116 hp,Gasoline,Manual,133 ,5.7 
235,BE,MINI Cooper,14000.0,59594 ,2014,136 hp,Gasoline,Manual,107 ,4.5 
236,BE,MINI Cooper Countryman,14499.0,75300 ,2014,122 hp,Gasoline,Manual,137 ,5.9 
237,BE,MINI Cooper SD Roadster,14950.0,102000 ,2014,136 hp,Diesel,Manual,118 ,4.5 
238,BE,MINI Cooper S Countryman,14950.0,83302 ,2012,184 hp,Gasoline,Automatic,0 ,- (
239,BE,MINI Cooper Clubman,14990.0,98399 ,2016,136 hp,Gasoline,Manual,118 ,5.1 
240,BE,MINI One D Clubman,15553.0,88190 ,2018,116 hp,Diesel,Manual,126 ,- (
241,BE,MINI One,15600.0,59000 ,2018,102 hp,Gasoline,Manual,111 ,4.9 
242,BE,MINI Cooper,16650.0,18545 ,2017,136 hp,Gasoline,Manual,105 ,- (
243,BE,MINI One D,16690.0,62000 ,2017,95 hp,Diesel,Manual,97 ,- (
244,BE,MINI Cooper,16700.0,82487 ,2016,136 hp,Gasoline,Automatic,109 ,4.7 
245,BE,MINI Cooper,16750.0,38700 ,2019,102 hp,Gasoline,Manual,109 ,- (
246,BE,MINI One D Clubman,16950.0,42066 ,2017,116 hp,Diesel,Automatic,104 ,- (
247,BE,MINI One,17000.0,20685 ,2019,102 hp,Gasoline,Manual,136 ,4.9 
248,BE,MINI One,17490.0,69590 ,2018,102 hp,Gasoline,Manual,115 ,5 
249,BE,MINI Cooper Cabrio,17795.0,41979 ,2015,122 hp,Gasoline,Manual,133 ,5.7 
250,BE,MINI One Clubman,17950.0,92500 ,2018,116 hp,Diesel,Manual,102 ,3.9 
251,BE,MINI One Cabrio,17950.0,99000 ,2016,102 hp,Gasoline,Manual,116 ,5 
252,BE,MINI One,19790.0,29402 ,2019,102 hp,Gasoline,Manual,123 ,5.4 
253,BE,MINI One D,19890.0,25000 ,2018,95 hp,Diesel,Manual,97 ,- (
254,BE,MINI One Clubman,19900.0,19950 ,2018,102 hp,Gasoline,Manual,0 ,- (
255,BE,MINI Cooper SD,19990.0,39181 ,2016,170 hp,Diesel,Manual,112 ,4.3 
256,BE,MINI Cooper D Cabrio,19990.0,49000 ,2016,116 hp,Diesel,Manual,100 ,3.8 
257,IT,MINI Cooper,2000.0,200000 ,2002,116 hp,LPG,Manual,- (,- (
258,IT,MINI One,3900.0,172000 ,2005,90 hp,Gasoline,Manual,164 ,6.8 
259,IT,MINI Cooper Clubman,3900.0,122926 ,2007,120 hp,Gasoline,Manual,132 ,5.5 
260,IT,MINI,4000.0,160000 ,2002,90 hp,Gasoline,Manual,160 ,6.6 
261,IT,MINI Cooper,4500.0,138499 ,2003,116 hp,Gasoline,Manual,166 ,6.9 
262,IT,MINI One D,4900.0,249000 ,2010,90 hp,Diesel,Manual,99 ,3.8 
263,IT,MINI Cooper,4990.0,159000 ,2008,120 hp,Gasoline,Manual,129 ,5.4 
264,,,,,,98 hp,,,,
265,IT,MINI One,6500.0,105000 ,2011,116 hp,Gasoline,Automatic,- (,0 
266,IT,MINI Cooper Cabrio,6700.0,143000 ,2005,120 hp,Gasoline,Manual,175 ,7.3 
267,IT,MINI Cooper Clubman,6900.0,119000 ,2009,111 hp,Gasoline,Manual,132 ,5.5 
268,IT,MINI Cooper D,7000.0,173000 ,2011,120 hp,Diesel,Manual,99 ,3.8 
269,IT,MINI Cooper,7700.0,150000 ,2010,95 hp,LPG,Manual,129 ,5.4 
270,IT,MINI One,7900.0,58000 ,2007,111 hp,Gasoline,Manual,128 ,5.3 
271,IT,MINI Cooper D Cabrio,8500.0,99000 ,2011,90 hp,Diesel,Manual,105 ,4 
272,IT,MINI One D,8849.0,105458 ,2013,90 hp,Diesel,Manual,99 ,- (
273,IT,MINI One D,8849.0,105458 ,2013,170 hp,Diesel,Manual,99 ,- (
274,IT,MINI Cooper S,8900.0,89000 ,2005,184 hp,Gasoline,Manual,207 ,8.6 
275,IT,MINI Cooper S,8990.0,150000 ,2010,184 hp,Gasoline,Manual,136 ,9.1 
276,IT,MINI Cooper S Cabrio,9300.0,110000 ,2010,143 hp,Gasoline,Manual,139 ,6 
277,IT,MINI Cooper SD Countryman,9499.0,180000 ,2012,143 hp,Diesel,Automatic,119 ,4.5 
278,IT,MINI Cooper SD,9600.0,128000 ,2011,98 hp,Diesel,Manual,114 ,4.3 
279,IT,MINI One,9890.0,92419 ,2010,143 hp,Gasoline,Manual,127 ,5.4 
280,IT,MINI Cooper SD Countryman,9900.0,181000 ,2011,111 hp,Diesel,Manual,130 ,4.9 
281,IT,MINI Cooper D,9990.0,71000 ,2012,143 hp,Diesel,Automatic,135 ,5.1 
282,,,,,,122 hp,,,,
283,,,,,,111 hp,,,,
284,IT,MINI Cooper SD Paceman,11500.0,176500 ,2014,184 hp,Diesel,Manual,119 ,4.5 
285,IT,MINI Cooper Countryman,11500.0,77630 ,2011,111 hp,Gasoline,Manual,140 ,6 
286,IT,MINI Cooper D Countryman,11800.0,142000 ,2012,122 hp,Diesel,Automatic,149 ,5.6 
287,IT,MINI Cooper S,11900.0,71760 ,2010,143 hp,Gasoline,Manual,- (,- (
288,IT,MINI Cooper D Paceman,11900.0,144000 ,2013,116 hp,Diesel,Automatic,149 ,5.6 
289,IT,MINI Cooper Roadster,11900.0,110754 ,2012,143 hp,Gasoline,Manual,133 ,5.7 
290,IT,MINI Cooper SD Countryman,11900.0,135000 ,2012,111 hp,Diesel,Automatic,130 ,4.9 
291,,,,,,102 hp,,,,
292,IT,MINI Cooper D,12000.0,79600 ,2014,143 hp,Diesel,- (Gearing Type),- (,- (
293,IT,MINI Cooper SD Countryman,12200.0,133000 ,2011,95 hp,Diesel,Automatic,130 ,4.9 
294,IT,MINI Cooper D Countryman,12500.0,71000 ,2013,184 hp,Diesel,- (Gearing Type),- (,- (
295,IT,MINI One,12500.0,72000 ,2015,122 hp,Gasoline,Manual,108 ,4.6 
296,IT,MINI Cooper SD Countryman,12800.0,102000 ,2013,111 hp,Diesel,Manual,- (,4.9 
297,IT,MINI One,12890.0,138000 ,2015,122 hp,Diesel,Manual,92 ,3.5 
298,IT,MINI Cooper S,12900.0,15000 ,2013,102 hp,Gasoline,Manual,136 ,5.8 
299,IT,MINI Cooper Countryman,12900.0,144000 ,2012,111 hp,Gasoline,Manual,140 ,6 
300,IT,MINI Cooper D Countryman,12900.0,57000 ,2014,143 hp,Diesel,Manual,115 ,4.4 
301,IT,MINI Cooper Countryman,12990.0,97841 ,2014,143 hp,Diesel,Manual,137 ,5.9 
302,IT,MINI,13400.0,123750 ,2015,150 hp,Gasoline,Semi-automatic,112 ,4.8 
303,IT,MINI Cooper D,13490.0,70000 ,2013,184 hp,Diesel,Manual,99 ,3.8 
304,IT,MINI Cooper SD Cabrio,13490.0,64000 ,2011,102 hp,Diesel,Automatic,118 ,4.5 
305,IT,MINI Cooper SD Paceman,13500.0,147000 ,2014,111 hp,Diesel,Manual,130 ,4.9 
306,IT,MINI Cooper D Clubman,13500.0,280000 ,2016,95 hp,Diesel,Automatic,109 ,4.1 
307,IT,MINI Cooper S Countryman,13500.0,95000 ,2013,111 hp,Gasoline,Manual,157 ,6.7 
308,IT,MINI One Clubman,13700.0,133554 ,2016,143 hp,Gasoline,Manual,119 ,5.1 
309,IT,MINI Cooper D Countryman,13800.0,103000 ,2015,102 hp,Diesel,Manual,123 ,4.7 
310,IT,MINI One,13800.0,137926 ,2016,116 hp,Diesel,Manual,128 ,5.3 
311,IT,MINI Cooper D Countryman,13800.0,102258 ,2013,122 hp,Diesel,Automatic,158 ,6 
312,IT,MINI Cooper SD Paceman,13800.0,105000 ,2013,116 hp,Diesel,Manual,130 ,4.9 
313,IT,MINI One,13900.0,72640 ,2015,95 hp,Gasoline,Manual,112 ,4.8 
314,IT,MINI Cooper D,13900.0,51849 ,2015,111 hp,Diesel,Manual,95 ,3.6 
315,IT,MINI Cooper Countryman,13900.0,88028 ,2013,116 hp,Gasoline,Manual,140 ,6 
316,IT,MINI,13900.0,115493 ,2015,75 hp,Diesel,Automatic,99 ,3.8 
317,IT,MINI One,13900.0,94190 ,2015,170 hp,Diesel,Manual,92 ,3.5 
318,IT,MINI Cooper D Cabrio,13900.0,68984 ,2014,211 hp,Diesel,Manual,105 ,4 
319,IT,MINI Cooper D,13900.0,108000 ,2014,75 hp,Diesel,Manual,92 ,3.5 
320,IT,MINI One,13990.0,61300 ,2017,122 hp,Gasoline,Manual,121 ,5.2 
321,IT,MINI Cooper SD,14250.0,163000 ,2015,143 hp,Diesel,Manual,109 ,4.1 
322,IT,MINI John Cooper Works,14400.0,80000 ,2011,90 hp,Gasoline,Manual,165 ,7.1 
323,IT,MINI One,14500.0,73600 ,2016,111 hp,Gasoline,Manual,118 ,5.1 
324,IT,MINI Cooper Countryman,14600.0,128000 ,2016,190 hp,LPG,Automatic,137 ,5.9 
325,IT,MINI Cooper SD Countryman,14600.0,75600 ,2013,111 hp,Diesel,Automatic,130 ,4.9 
326,,,,,,143 hp,,,,
327,IT,MINI One D Countryman,14990.0,125535 ,2016,111 hp,Diesel,Manual,111 ,4.2 
328,,,,,,170 hp,,,,
329,IT,MINI Cooper D Countryman,15800.0,58697 ,2016,98 hp,Diesel,Manual,- (,- (
330,IT,MINI Cooper S Paceman,15890.0,98875 ,2015,116 hp,Gasoline,Manual,139 ,6 
331,IT,MINI Cooper D Countryman,15900.0,49736 ,2016,102 hp,Diesel,Manual,123 ,4.7 
332,IT,MINI Cooper SD Countryman,15900.0,81215 ,2013,102 hp,Diesel,Manual,122 ,4.6 
333,IT,MINI Cooper D Paceman,15900.0,48400 ,2014,116 hp,Diesel,Manual,129 ,- (
334,IT,MINI Cooper SD,15900.0,116278 ,2016,111 hp,Diesel,Manual,106 ,4 
335,IT,MINI One Countryman,15900.0,35070 ,2015,111 hp,Gasoline,Manual,139 ,6 
336,IT,MINI Cooper D,15900.0,90000 ,2017,116 hp,Diesel,Manual,103 ,3.9 
337,IT,MINI One Clubman,15990.0,45296 ,2017,150 hp,Gasoline,Manual,119 ,5.1 
338,IT,MINI One,15990.0,40214 ,2019,102 hp,Gasoline,Manual,112 ,4.9 
339,IT,MINI Cooper D,16200.0,93746 ,2017,95 hp,Diesel,Manual,98 ,3.7 
340,IT,MINI Cooper D Countryman,16499.0,75663 ,2016,111 hp,Diesel,Manual,123 ,4.7 
341,IT,MINI Cooper D Countryman,16500.0,87778 ,2016,111 hp,Diesel,Manual,115 ,4.4 
342,IT,MINI Cooper D,16500.0,49350 ,2014,211 hp,Diesel,Manual,95 ,3.6 
343,IT,MINI Cooper D Clubman,16500.0,67800 ,2016,116 hp,Diesel,Manual,109 ,4.1 
344,IT,MINI Cooper,16500.0,33233 ,2018,150 hp,Gasoline,Manual,115 ,- (
345,IT,MINI One D,16500.0,63678 ,2017,116 hp,Diesel,Manual,89 ,3.4 
346,IT,MINI Cooper D Countryman,16500.0,91761 ,2015,102 hp,Diesel,Manual,115 ,4.4 
347,IT,MINI Cooper D Countryman,16700.0,89948 ,2015,98 hp,Diesel,Automatic,158 ,6 
348,IT,MINI John Cooper Works,16790.0,88405 ,2013,143 hp,Gasoline,Manual,153 ,6.6 
349,IT,MINI One D Clubman,16800.0,51199 ,2017,116 hp,Diesel,Manual,99 ,3.8 
350,IT,MINI Cooper D Clubman,16800.0,108363 ,2017,143 hp,Diesel,Automatic,109 ,4.1 
351,IT,MINI Cooper D,16900.0,87136 ,2017,95 hp,Diesel,Manual,92 ,3.5 
352,IT,MINI One,16900.0,26310 ,2019,143 hp,Gasoline,Manual,109 ,4.8 
353,IT,MINI One Countryman,16900.0,45300 ,2016,136 hp,Gasoline,Manual,134 ,5.7 
354,,,,,,102 hp,,,,
355,IT,MINI Cooper SD Countryman,16900.0,85000 ,2015,122 hp,Diesel,Automatic,126 ,4.8 
356,IT,MINI Cooper D Clubman,16900.0,76500 ,2015,111 hp,Diesel,Manual,104 ,3.9 
357,IT,MINI Cooper SD Countryman,16900.0,111400 ,2014,170 hp,Diesel,Automatic,130 ,4.9 
358,,,,,,102 hp,,,,
359,IT,MINI Cooper D,17200.0,38022 ,2016,116 hp,Diesel,Manual,92 ,3.5 
360,IT,MINI Cooper SD Countryman,17400.0,93541 ,2016,116 hp,Diesel,Manual,126 ,4.8 
361,IT,MINI Cooper,17490.0,41767 ,2017,102 hp,Gasoline,Manual,105 ,4.5 
362,IT,MINI One Clubman,17690.0,34034 ,2017,116 hp,Gasoline,Manual,119 ,5.1 
363,IT,MINI Cooper Countryman,17800.0,70511 ,2015,111 hp,Gasoline,Automatic,175 ,7.5 
364,IT,MINI Cooper Countryman,17890.0,73818 ,2016,102 hp,Diesel,Automatic,148 ,5.6 
365,IT,MINI Cooper SD,17900.0,120000 ,2016,102 hp,Diesel,Automatic,109 ,4.1 
366,IT,MINI One,17900.0,44980 ,2018,75 hp,Gasoline,Manual,111 ,4.9 
367,IT,MINI One D Clubman,17900.0,56416 ,2017,111 hp,Diesel,Automatic,104 ,3.9 
368,IT,MINI Cooper D,17900.0,62500 ,2017,75 hp,Diesel,Manual,95 ,3.6 
369,IT,MINI One,17900.0,33000 ,2018,75 hp,Gasoline,Manual,116 ,5 
370,IT,MINI Cooper D Cabrio,17900.0,97714 ,2016,102 hp,Diesel,Manual,100 ,3.8 
371,IT,MINI Cooper D Countryman,17900.0,101000 ,2016,143 hp,Diesel,Automatic,149 ,5.6 
372,IT,MINI One Clubman,17900.0,27600 ,2018,102 hp,Gasoline,Manual,131 ,5.8 
373,IT,MINI One,18190.0,28800 ,2018,102 hp,Gasoline,Manual,123 ,5.4 
374,IT,MINI One,18490.0,31000 ,2018,102 hp,Gasoline,Manual,105 ,4.6 
375,IT,MINI Cooper D Countryman,18490.0,48060 ,2016,150 hp,Diesel,Automatic,149 ,5.6 
376,,,,,,116 hp,,,,
377,IT,MINI One,18700.0,15030 ,2018,116 hp,Gasoline,Manual,122 ,5.4 
378,IT,MINI One D,18900.0,23208 ,2018,102 hp,Gasoline,Manual,116 ,5.2 
379,IT,MINI One,18900.0,48165 ,2018,102 hp,Gasoline,Manual,111 ,4.9 
380,IT,MINI Cooper SD Countryman,18900.0,55217 ,2015,102 hp,Diesel,Automatic,119 ,4.5 
381,IT,MINI One,18900.0,29221 ,2019,95 hp,Gasoline,Manual,122 ,5.4 
382,IT,MINI One,18950.0,23900 ,2019,116 hp,Gasoline,Manual,122 ,5.4 
383,IT,MINI One,18990.0,16800 ,2020,102 hp,Gasoline,Manual,111 ,4.9 
384,IT,MINI Cooper D Countryman,19200.0,105000 ,2017,192 hp,Diesel,Manual,113 ,4.3 
385,IT,MINI Cooper,19200.0,22103 ,2017,102 hp,Diesel,Automatic,99 ,3.8 
386,IT,MINI Cooper D,19300.0,51423 ,2017,102 hp,Diesel,Automatic,99 ,3.8 
387,IT,MINI One D,19400.0,37209 ,2018,143 hp,Gasoline,Manual,116 ,5 
388,IT,MINI One,19400.0,35616 ,2019,75 hp,Gasoline,Manual,122 ,5.4 
389,IT,MINI One,19400.0,38097 ,2018,116 hp,Gasoline,Manual,117 ,5.1 
390,IT,MINI John Cooper Works,19400.0,51300 ,2018,116 hp,Diesel,Manual,99 ,3.8 
391,IT,MINI Cooper D,19450.0,83251 ,2017,136 hp,Diesel,Automatic,102 ,3.9 
392,IT,MINI One,19490.0,40000 ,2018,190 hp,Gasoline,Automatic,116 ,5 
393,IT,MINI Cooper S,19500.0,49878 ,2014,102 hp,Gasoline,Automatic,122 ,5.2 
394,IT,MINI One Clubman,19500.0,37800 ,2018,102 hp,Gasoline,Manual,131 ,5.8 
395,IT,MINI One Clubman,19690.0,50135 ,2018,102 hp,Gasoline,Automatic,119 ,5.1 
396,IT,MINI Cooper SD Countryman,19790.0,109993 ,2015,192 hp,Diesel,Manual,119 ,4.5 
397,IT,MINI One,19800.0,24550 ,2019,102 hp,Gasoline,Manual,123 ,5.4 
398,IT,MINI Cooper D Cabrio,19800.0,118988 ,2018,116 hp,Diesel,Automatic,111 ,4.2 
399,IT,MINI Cooper D,19800.0,41500 ,2018,218 hp,Diesel,Automatic,103 ,3.9 
400,IT,MINI Cooper,19900.0,15700 ,2017,102 hp,Gasoline,Manual,105 ,4.5 
401,IT,MINI Cooper SD Countryman,19900.0,195000 ,2017,150 hp,Diesel,Automatic,129 ,4.9 
402,IT,MINI One Countryman,19900.0,19000 ,2018,,Gasoline,Manual,134 ,5.9 
403,IT,MINI One,19900.0,35806 ,2019,,Gasoline,Manual,117 ,5.1 
404,IT,MINI One Clubman,19900.0,43720 ,2018,,Gasoline,Automatic,119 ,5.1 
405,IT,MINI Cooper S,19900.0,74400 ,2017,,Gasoline,Automatic,133 ,5.7 
406,,,,,,,,,,
407,IT,MINI One Clubman,20300.0,46760 ,2018,,Gasoline,Manual,119 ,5.1 
408,IT,MINI One D,20406.0,13832 ,2018,,Diesel,Manual,- (,- (
409,IT,MINI John Cooper Works Paceman,20500.0,71737 ,2016,,Gasoline,Manual,172 ,7.4 
410,IT,MINI One Countryman,20700.0,25000 ,2018,,Gasoline,Manual,126 ,5.5 
411,IT,MINI Cooper Countryman,20890.0,57488 ,2017,,Diesel,Manual,113 ,4.3 
412,,,,,,,,,,
413,DE,MINI One,3990.0,170000 ,2002,90 hp,Gasoline,Manual,164 ,6.8 
414,DE,MINI One,4450.0,169000 ,2009,75 hp,Gasoline,Manual,128 ,5.3 
415,DE,MINI One Cabrio,4850.0,129420 ,2006,90 hp,Gasoline,Manual,168 ,7 
416,DE,MINI Cooper,5888.0,132200 ,2008,120 hp,Gasoline,Manual,129 ,5.4 
417,DE,MINI Cooper,6999.0,112382 ,2008,116 hp,Gasoline,Manual,175 ,7.3 
418,DE,MINI One Countryman,8450.0,168000 ,2011,98 hp,Gasoline,Manual,142 ,6 
419,DE,MINI Cooper Cabrio,8499.0,90000 ,2009,120 hp,Gasoline,Manual,145 ,6.1 
420,DE,MINI,9490.0,85000 ,2009,120 hp,Gasoline,Automatic,129 ,5.4 
421,DE,MINI Cooper S,9990.0,124847 ,2010,174 hp,Gasoline,Automatic,185 ,7.9 
422,DE,MINI Cooper,9990.0,158478 ,2013,111 hp,Diesel,Manual,117 ,4.4 
423,DE,MINI Cooper S,9999.0,123000 ,2010,184 hp,Gasoline,Manual,156 ,6.6 
424,DE,MINI Cooper SD,10350.0,87600 ,2013,143 hp,Diesel,Manual,114 ,4.3 
425,DE,MINI Cooper SE Countryman,10999.0,128000 ,2010,184 hp,Gasoline,Manual,0 ,6.7 
426,DE,MINI Cooper,11470.0,86879 ,2014,136 hp,Gasoline,Manual,109 ,4.6 
427,DE,MINI One,11990.0,9794 ,2015,75 hp,Gasoline,Manual,117 ,5 
428,DE,MINI Cooper,12390.0,73254 ,2014,136 hp,Gasoline,Manual,105 ,4.5 
429,DE,MINI Cooper,12490.0,40550 ,2015,122 hp,Gasoline,Manual,127 ,5.4 
430,DE,MINI Cooper Cabrio,12490.0,66050 ,2011,122 hp,Gasoline,Manual,135 ,5.7 
431,DE,MINI One,12900.0,29000 ,2017,102 hp,Gasoline,Manual,109 ,4.6 
432,DE,MINI One,13980.0,78450 ,2019,102 hp,Gasoline,Manual,122 ,5.4 
433,DE,MINI Cooper Clubman,14190.0,56270 ,2014,122 hp,Gasoline,Automatic,152 ,6.4 
434,DE,MINI Cooper S Clubman,14450.0,82873 ,2012,184 hp,Gasoline,Manual,137 ,5.9 
435,DE,MINI One,14490.0,49988 ,2015,102 hp,Gasoline,Automatic,112 ,4.8 
436,DE,MINI Cooper Countryman,14830.0,53321 ,2016,122 hp,Gasoline,Manual,140 ,5.9 
437,DE,MINI One,14900.0,48595 ,2018,102 hp,Gasoline,Manual,122 ,5.4 
438,DE,MINI Cooper,14900.0,49972 ,2011,122 hp,Gasoline,Manual,133 ,5.7 
439,DE,MINI One Clubman,15420.0,31900 ,2018,102 hp,Gasoline,Manual,119 ,5.1 
440,DE,MINI Cooper D,15490.0,127277 ,2016,116 hp,Diesel,Manual,95 ,3.6 
441,DE,MINI One Cabrio,15500.0,29854 ,2016,102 hp,Gasoline,Manual,116 ,5 
442,DE,MINI One,15790.0,22036 ,2019,102 hp,Gasoline,Manual,122 ,5.4 
443,DE,MINI Cooper,15880.0,39679 ,2015,136 hp,Gasoline,Manual,105 ,4.5 
444,DE,MINI Cooper,15900.0,69987 ,2014,122 hp,Gasoline,Manual,0 ,5.7 
445,DE,MINI One,15990.0,8250 ,2020,75 hp,Gasoline,Manual,123 ,5.4 
446,DE,MINI Cooper Cabrio,15990.0,57512 ,2014,122 hp,Gasoline,Manual,135 ,5.7 
447,DE,MINI Cooper Countryman,16295.0,31500 ,2016,122 hp,Gasoline,Manual,140 ,5.9 
448,DE,MINI Cooper,16320.0,44655 ,2016,136 hp,Gasoline,Manual,111 ,4.8 
449,DE,MINI One,16435.0,16400 ,2018,102 hp,Gasoline,Manual,122 ,5.4 
450,DE,MINI One D,16490.0,36900 ,2018,95 hp,Diesel,Manual,90 ,3.4 
451,DE,MINI Cooper,16880.0,9704 ,2018,136 hp,Gasoline,Manual,111 ,4.7 
452,DE,MINI One Clubman,17240.0,45470 ,2019,102 hp,Gasoline,Manual,131 ,5.8 
453,DE,MINI One,17390.0,22990 ,2019,102 hp,Gasoline,Manual,123 ,5.4 
454,DE,MINI Cooper,17390.0,31319 ,2013,122 hp,Gasoline,Manual,135 ,5.7 
455,DE,MINI Cooper S,17599.0,119000 ,2016,192 hp,Gasoline,Automatic,139 ,5.9 
456,DE,MINI Cooper Countryman,17990.0,32379 ,2017,136 hp,Gasoline,Manual,130 ,5.7 
457,DE,MINI Cooper,18240.0,20245 ,2015,136 hp,Gasoline,Automatic,111 ,4.8 
458,DE,MINI Cooper D,18399.0,69800 ,2017,116 hp,Diesel,Automatic,95 ,3.6 
459,DE,MINI Cooper,18450.0,34990 ,2018,136 hp,Gasoline,Manual,122 ,5.4 
460,DE,MINI Cooper,18490.0,73298 ,2018,136 hp,Gasoline,Automatic,109 ,4.7 
461,DE,MINI Cooper S,18499.0,55131 ,2016,192 hp,Gasoline,Manual,140 ,5.9 
462,DE,MINI Cooper,18600.0,68200 ,1998,- hp,- (Fuel),- (Gearing Type),- (,- (
463,DE,MINI Cooper SD Countryman,18699.0,63100 ,2014,143 hp,Diesel,Manual,122 ,4.6 
464,DE,MINI Cooper S,18749.0,99450 ,2016,192 hp,Gasoline,Automatic,126 ,5.3 
465,DE,MINI Cooper S,18900.0,50411 ,2014,192 hp,Gasoline,Automatic,0 ,5.9 
466,DE,MINI Cooper S,18900.0,43390 ,2014,192 hp,Gasoline,Manual,136 ,5.8 
467,DE,MINI One,18980.0,19526 ,2017,102 hp,Gasoline,Automatic,116 ,4.9 
468,DE,MINI Cooper S,18990.0,54314 ,2016,192 hp,Gasoline,Manual,137 ,5.8 
469,DE,MINI One Cabrio,18990.0,55000 ,2018,102 hp,Gasoline,Manual,115 ,5 
470,DE,MINI Cooper,19290.0,- ,,102 hp,,,,
471,,,,,2018,190 hp,Gasoline,Automatic,130 ,5.5 
472,DE,MINI One Countryman,19440.0,16625 ,2017,190 hp,Gasoline,Manual,144 ,6 
473,DE,MINI Cooper S Countryman,19450.0,67974 ,2015,136 hp,Gasoline,Automatic,162 ,6.1 
474,DE,MINI Cooper Countryman,19690.0,59987 ,2018,136 hp,Gasoline,Manual,139 ,4.6 
475,DE,MINI Cooper,19749.0,39750 ,2017,136 hp,Gasoline,Automatic,121 ,5.1 
476,DE,MINI Cooper Cabrio,19770.0,34109 ,2018,136 hp,Gasoline,Manual,122 ,5.4 
477,DE,MINI Cooper,19980.0,39759 ,2016,143 hp,Gasoline,Manual,109 ,4.6 
478,DE,MINI Cooper,19990.0,78089 ,,136 hp,,,,
479,DE,MINI Cooper,19990.0,- ,,136 hp,,,,
480,,,,,2015,190 hp,Diesel,Automatic,0 ,4.8 
481,DE,MINI Cooper,20890.0,- ,2019,192 hp,Gasoline,Manual,0 ,5.4 
482,,,,,2018,111 hp,Gasoline,Manual,128 ,5.5 
483,DE,MINI Cooper SD Countryman,21900.0,75470 ,2016,192 hp,Gasoline,Automatic,157 ,6.8 
484,DE,MINI Cooper,21900.0,19986 ,2017,136 hp,Gasoline,Automatic,147 ,6.2 
485,DE,MINI Cooper Countryman,21940.0,33106 ,2016,136 hp,Diesel,Automatic,148 ,5.6 
486,DE,MINI Cooper S Countryman,21950.0,60880 ,,150 hp,,,,
487,DE,MINI Cooper S Clubman,21980.0,58000 ,2017,192 hp,Gasoline,Automatic,125 ,5.4 
488,DE,MINI Cooper D Countryman,21990.0,42135 ,2018,192 hp,Gasoline,Automatic,119 ,5.2 
489,DE,MINI Cooper S,21990.0,- ,2018,192 hp,Gasoline,Automatic,112 ,4.6 
490,,,,,2018,136 hp,Diesel,Automatic,115 ,4.6 
491,DE,MINI Cooper S,22890.0,39776 ,,136 hp,,,,
492,DE,MINI Cooper,22900.0,9816 ,2017,136 hp,Gasoline,Automatic,137 ,6.2 
493,DE,MINI Cooper,22949.0,28450 ,2018,192 hp,Gasoline,Automatic,127 ,5.6 
494,DE,MINI Cooper Countryman,22990.0,70387 ,2017,231 hp,Gasoline,Manual,0 ,6.2 
495,DE,MINI Cooper Clubman,22990.0,- ,2019,136 hp,Gasoline,Automatic,130 ,5.7 
496,,,,,2018,136 hp,Gasoline,Automatic,159 ,5.1 
497,DE,MINI Cooper S Clubman,23749.0,44750 ,2020,102 hp,Gasoline,Manual,115 ,5 
498,DE,MINI Cooper S,23860.0,36950 ,,224 hp,,,,
499,DE,MINI Cooper Clubman,23900.0,43149 ,2019,136 hp,Gasoline,Automatic,133 ,5.8 
500,DE,MINI Cooper Clubman,23990.0,14265 ,2017,136 hp,Gasoline,Automatic,133 ,6.7 
501,DE,MINI Cooper Clubman,24398.0,37450 ,2018,231 hp,Gasoline,Automatic,122 ,5.4 
502,DE,MINI Cooper,24490.0,12414 ,2018,136 hp,Gasoline,Automatic,125 ,5.5 
503,DE,MINI Cooper Cabrio,24490.0,- ,,192 hp,,,,
504,,,,,2021,192 hp,Gasoline,Manual,127 ,5.5 
505,DE,MINI Cooper S Clubman,24900.0,33513 ,,136 hp,,,,
506,DE,MINI John Cooper Works Clubman,24900.0,73384 ,2019,136 hp,Electric/Gasoline,Automatic,55 ,2.4 
507,DE,MINI Cooper,24995.0,16141 ,,136 hp,,,,
508,DE,MINI Cooper Cabrio,24999.0,6800 ,2021,136 hp,Gasoline,Automatic,121 ,5.1 
509,DE,MINI Cooper S Clubman,25090.0,- ,2021,192 hp,Gasoline,Automatic,132 ,5.1 
510,,,,,2018,224 hp,Gasoline,Automatic,130 ,5.7 
511,DE,MINI One,25890.0,5005 ,2019,192 hp,Electric/Gasoline,Automatic,- (,- (
512,DE,MINI Cooper S Cabrio,25890.0,- ,2018,192 hp,Gasoline,Automatic,131 ,5.6 
513,,,,,2017,116 hp,Gasoline,Automatic,146 ,6.4 
514,DE,MINI Cooper S Countryman,27390.0,29008 ,2021,136 hp,Gasoline,Automatic,121 ,5.1 
515,DE,MINI Cooper S Cabrio,27390.0,- ,2021,136 hp,Gasoline,Automatic,121 ,5.1 
516,,,,,2021,192 hp,Gasoline,Automatic,121 ,5.1 
517,DE,MINI Cooper,28390.0,6990 ,2021,231 hp,Gasoline,Automatic,132 ,5 
518,DE,MINI Cooper,28489.0,16993 ,2020,231 hp,Gasoline,Automatic,120 ,5.3 
519,DE,MINI John Cooper Works,28490.0,30242 ,2019,116 hp,Electric/Gasoline,Automatic,52 ,2.3 
520,DE,MINI Cooper S Countryman,28495.0,26003 ,2021,231 hp,Gasoline,Automatic,145 ,5.3 
521,DE,MINI Cooper S Cabrio,28500.0,25268 ,2021,136 hp,Gasoline,Manual,145 ,6.4 
522,DE,MINI Cooper S Countryman,28590.0,22243 ,2022,136 hp,Diesel,Automatic,105 ,4 
523,DE,MINI Cooper,28590.0,5990 ,2021,277 hp,Gasoline,Manual,130 ,5.7 
524,DE,MINI Cooper,28680.0,5990 ,,192 hp,,,,
525,DE,MINI Cooper,28690.0,4020 ,2021,231 hp,Gasoline,Automatic,132 ,5 
526,DE,MINI Cooper,28690.0,13490 ,2018,192 hp,Gasoline,Automatic,149 ,- (
527,DE,MINI Cooper S,28880.0,6572 ,2018,184 hp,Gasoline,Automatic,130 ,6.7 
528,DE,MINI Cooper SE,28890.0,20688 ,2018,231 hp,Gasoline,Automatic,130 ,6.7 
529,DE,MINI Cooper S,28980.0,12790 ,2022,231 hp,Diesel,Automatic,105 ,4 
530,DE,MINI Cooper,28980.0,10 ,2018,136 hp,Gasoline,Automatic,140 ,6.1 
531,DE,MINI One Clubman,28990.0,25 ,2021,150 hp,Gasoline,Automatic,132 ,5 
532,DE,MINI Cooper Clubman,28990.0,24490 ,2019,224 hp,Gasoline,Automatic,122 ,5.4 
533,DE,MINI John Cooper Works Cabrio,29590.0,- ,2015,231 hp,Gasoline,Automatic,133 ,5.7 
534,,,,,2021,136 hp,Gasoline,Automatic,125 ,5.5 
535,DE,MINI Cooper,29740.0,7390 ,2018,231 hp,Gasoline,Automatic,130 ,5.7 
536,DE,MINI Cooper S Clubman,29749.0,38450 ,2019,231 hp,Gasoline,Automatic,133 ,5.8 
537,DE,MINI John Cooper Works,29749.0,39750 ,2022,184 hp,Electric,Automatic,0 ,- (
538,DE,MINI John Cooper Works,29749.0,39750 ,2018,136 hp,Gasoline,Automatic,154 ,6.8 
539,DE,MINI One Clubman,29890.0,25 ,2018,231 hp,Gasoline,Automatic,130 ,5.7 
540,DE,MINI John Cooper Works,29980.0,55236 ,,231 hp,,,,
541,DE,MINI Cooper,29980.0,4290 ,2021,178 hp,Gasoline,Automatic,120 ,5.2 
542,DE,MINI Cooper,29990.0,22200 ,2021,,Diesel,Automatic,111 ,4.2 
543,DE,MINI John Cooper Works,29990.0,59999 ,2019,,Electric/Gasoline,Automatic,55 ,2.4 
544,DE,MINI Cooper S Clubman,29990.0,6094 ,2018,,Gasoline,Automatic,158 ,6.9 
545,DE,MINI John Cooper Works,30900.0,53460 ,2022,,Gasoline,Automatic,132 ,5 
546,DE,MINI Cooper S Clubman,30900.0,36900 ,2020,,Gasoline,Automatic,135 ,5.9 
547,DE,MINI Cooper SE,30949.0,3000 ,2018,,Gasoline,Automatic,158 ,6.9 
548,DE,MINI John Cooper Works Clubman,30989.0,53750 ,2022,,Electric,Automatic,0 ,- (
549,DE,MINI John Cooper Works,30990.0,40213 ,2022,,Gasoline,Manual,130 ,6.1 
550,DE,MINI John Cooper Works Cabrio,31290.0,- ,,,,,,
551,,,,,2020,,Gasoline,Automatic,135 ,5.9 
552,DE,MINI Cooper Cabrio,32489.0,11465 ,2019,,Gasoline,Manual,161 ,7 
553,DE,MINI Cooper D,32490.0,9896 ,2022,,Gasoline,Automatic,121 ,5.3 
554,DE,MINI Cooper Countryman,32900.0,29803 ,,,,,,
555,DE,MINI John Cooper Works Countryman,33398.0,38750 ,,,,,,
556,DE,MINI Cooper,33500.0,1000 ,,,,,,
557,DE,MINI John Cooper Works,33600.0,15500 ,,,,,,
558,DE,MINI John Cooper Works Countryman,33989.0,27450 ,,,,,,
559,DE,MINI Cooper SE,34249.0,5990 ,,,,,,
560,DE,MINI Cooper,34499.0,995 ,,,,,,
561,DE,MINI John Cooper Works Clubman,34790.0,- ,,,,,,
562,,,,,,,,,,
563,DE,MINI John Cooper Works,34820.0,13802 ,,,,,,
564,DE,MINI John Cooper Works Cabrio,34900.0,20315 ,,,,,,
565,DE,MINI Cooper S,34990.0,11 ,,,,,,
566,DE,MINI Cooper S,35480.0,0 ,,,,,,
567,,,,,,,,,,
568,ES,MINI One,5998.0,122000 ,2007,- hp,Gasoline,Manual,- (,- (
569,ES,MINI Cooper,5999.0,182000 ,2007,120 hp,Gasoline,Manual,- (,5.4 
570,ES,MINI Cooper S,6399.0,160000 ,2002,163 hp,Gasoline,Manual,- (,8.4 
571,ES,MINI Cooper,6998.0,167439 ,2007,120 hp,Gasoline,Manual,- (,5.4 
572,ES,MINI One,8800.0,84000 ,2010,98 hp,Gasoline,Automatic,- (,6.4 
573,ES,MINI Cooper,8900.0,116000 ,2005,116 hp,Gasoline,Manual,- (,6.9 
574,ES,MINI One,9300.0,127256 ,2013,98 hp,Gasoline,Manual,- (,5.4 
575,ES,MINI Cooper S,9999.0,125000 ,2010,174 hp,Gasoline,Manual,- (,6.2 
576,ES,MINI Cooper Countryman,11000.0,189000 ,2012,111 hp,Diesel,Automatic,- (,5.6 
577,ES,MINI Cooper Coupe,11300.0,131000 ,2013,122 hp,Gasoline,Manual,- (,- (
578,ES,MINI Cooper S Countryman,11355.0,159600 ,2010,184 hp,Gasoline,Manual,- (,6.7 
579,ES,MINI Cooper Cabrio,12990.0,96705 ,2013,111 hp,Diesel,Manual,- (,4 
580,ES,MINI Cooper Cabrio,13995.0,89000 ,2015,122 hp,Gasoline,Manual,- (,5.7 
581,ES,MINI Cooper Coupe,14800.0,86913 ,2013,184 hp,Gasoline,Automatic,- (,- (
582,ES,MINI One,14990.0,78482 ,2018,102 hp,Gasoline,Manual,- (,- (
583,ES,MINI One,14990.0,73100 ,2018,102 hp,Gasoline,Manual,- (,- (
584,ES,MINI Cooper,15490.0,38149 ,2018,136 hp,Gasoline,Manual,- (,5.4 
585,ES,MINI Cooper D,16900.0,151000 ,2017,150 hp,Diesel,Automatic,- (,- (
586,ES,MINI Cooper,17300.0,46600 ,2017,136 hp,Gasoline,Automatic,- (,4.8 
587,ES,MINI Cooper,17500.0,36000 ,2018,136 hp,Gasoline,Manual,- (,- (
588,ES,MINI,18000.0,88000 ,1991,- hp,Gasoline,Manual,- (,- (
589,ES,MINI One Clubman,18335.0,51500 ,2017,102 hp,Gasoline,Manual,- (,5.1 
590,ES,MINI Cooper SD,18490.0,55650 ,2016,170 hp,Diesel,Manual,- (,4 
591,ES,MINI Cooper Countryman,18690.0,83593 ,2016,111 hp,Diesel,Automatic,- (,5.6 
592,ES,MINI Cooper D,18950.0,33000 ,2019,116 hp,Diesel,Manual,- (,3.5 
593,ES,MINI Cooper D,19200.0,85771 ,2018,116 hp,Diesel,Automatic,- (,3.5 
594,ES,MINI Cooper Cabrio,19800.0,73915 ,2017,136 hp,Gasoline,Manual,- (,4.9 
595,ES,MINI Cooper S,19900.0,60299 ,2016,192 hp,Gasoline,Automatic,- (,5.9 
596,ES,MINI Cooper S,19975.0,64197 ,2017,192 hp,Gasoline,Manual,- (,6.2 
597,ES,MINI One Countryman,21900.0,19623 ,2018,117 hp,Diesel,Manual,- (,4.1 
598,ES,MINI Cooper Countryman,21900.0,94971 ,2018,150 hp,Diesel,Manual,- (,4.3 
599,ES,MINI Cooper Countryman,22675.0,93683 ,2018,150 hp,Diesel,Manual,- (,4.3 
600,ES,MINI Cooper Clubman,22735.0,22444 ,2019,136 hp,Gasoline,Manual,- (,5.2 
601,ES,MINI Cooper D,22975.0,50200 ,2017,116 hp,Diesel,Manual,- (,4 
602,ES,MINI Cooper S,22990.0,29829 ,2018,224 hp,Diesel,Automatic,- (,- (
603,ES,MINI Cooper,23427.0,23500 ,2018,136 hp,Gasoline,Manual,- (,4.5 
604,ES,MINI Cooper S Countryman,23490.0,77122 ,2017,192 hp,Gasoline,Automatic,- (,6.4 
605,ES,MINI Cooper Countryman,23900.0,117100 ,2018,224 hp,Electric/Gasoline,Automatic,- (,2.1 
606,ES,MINI Cooper Countryman,23950.0,27000 ,2018,224 hp,Electric/Gasoline,Automatic,- (,2.1 
607,ES,MINI Cooper Countryman,24300.0,41282 ,2017,150 hp,Diesel,Manual,- (,4.3 
608,ES,MINI Cooper Cabrio,25775.0,28641 ,2018,136 hp,Gasoline,Automatic,- (,4.9 
609,ES,MINI Cooper,25900.0,4900 ,2021,136 hp,Gasoline,Automatic,- (,0 
610,ES,MINI Cooper S Cabrio,25935.0,42837 ,2017,192 hp,Gasoline,Automatic,- (,- (
611,ES,MINI Cooper S Cabrio,25935.0,42837 ,2017,192 hp,Gasoline,Automatic,- (,- (
612,ES,MINI Cooper Cabrio,26000.0,12616 ,2021,136 hp,Gasoline,Automatic,- (,0 
613,ES,MINI Cooper,26000.0,9531 ,2021,136 hp,Gasoline,Automatic,- (,5 
614,ES,MINI Cooper Cabrio,26135.0,8721 ,2018,136 hp,Gasoline,Manual,- (,4.9 
615,ES,MINI Cooper S,26495.0,33000 ,2018,192 hp,Gasoline,Manual,- (,5.9 
616,ES,MINI Cooper Countryman,26990.0,20500 ,2020,136 hp,Gasoline,Automatic,- (,5.5 
617,ES,MINI Cooper,26995.0,39912 ,2018,136 hp,Gasoline,Manual,- (,4.7 
618,ES,MINI Cooper Cabrio,27335.0,8989 ,2019,136 hp,Gasoline,Automatic,- (,4.9 
619,ES,MINI Cooper,27500.0,27652 ,2020,136 hp,Gasoline,Manual,- (,4.7 
620,ES,MINI John Cooper Works,27890.0,27639 ,2018,231 hp,Gasoline,Manual,- (,6.6 
621,ES,MINI Cooper SE,27900.0,8506 ,2020,184 hp,Electric,Automatic,0 ,0 
622,ES,MINI Cooper SE,27900.0,9717 ,2020,184 hp,Electric,Automatic,0 ,0 
623,ES,MINI Cooper SE,27900.0,10000 ,2020,184 hp,Electric,Automatic,0 ,0 
624,ES,MINI John Cooper Works,27900.0,59000 ,2018,231 hp,Gasoline,Manual,- (,7.4 
625,ES,MINI Cooper S,27900.0,1 ,2021,192 hp,Gasoline,Manual,- (,6.2 
626,ES,MINI Cooper Cabrio,28900.0,13800 ,2021,136 hp,Gasoline,Automatic,- (,0 
627,ES,MINI Cooper,28975.0,1000 ,2021,136 hp,Gasoline,Manual,- (,0 
628,ES,MINI Cooper S,28990.0,1860 ,2020,178 hp,Gasoline,Manual,- (,6.1 
629,ES,MINI Cooper Clubman,30500.0,22194 ,2019,136 hp,Gasoline,Automatic,- (,5.4 
630,ES,MINI Cooper SE,30800.0,342 ,2021,184 hp,Electric,Automatic,0 ,0 
631,ES,MINI Cooper Countryman,30900.0,21068 ,2020,150 hp,Diesel,Automatic,- (,4.2 
632,ES,MINI John Cooper Works,31850.0,33412 ,2018,231 hp,Gasoline,Automatic,- (,6.6 
633,ES,MINI Cooper Countryman,32105.0,47362 ,2019,224 hp,Electric/Gasoline,Automatic,- (,2.1 
634,ES,MINI Cooper SE,32290.0,5872 ,2021,184 hp,Electric,Automatic,0 ,0 
635,ES,MINI Cooper Countryman,32900.0,19034 ,2020,150 hp,Diesel,Automatic,- (,4.3 
636,ES,MINI John Cooper Works,33490.0,22568 ,2019,231 hp,Gasoline,Automatic,- (,5.7 
637,ES,MINI Cooper S,35775.0,7601 ,2021,178 hp,Gasoline,Manual,- (,0 
638,ES,MINI Cooper S,35900.0,7285 ,2020,192 hp,Gasoline,Automatic,- (,5.2 
639,ES,MINI Cooper Countryman,36900.0,22800 ,2020,220 hp,Electric/Gasoline,Automatic,- (,1.7 
640,ES,MINI John Cooper Works,37950.0,20000 ,2021,231 hp,Gasoline,Automatic,- (,0 
641,ES,MINI John Cooper Works,40900.0,11299 ,2021,231 hp,Gasoline,Automatic,- (,0 
642,ES,MINI John Cooper Works Countryman,46500.0,7450 ,2020,306 hp,Gasoline,Automatic,- (,6.9 
643,ES,MINI Cooper,4900.0,217000 ,2001,116 hp,Gasoline,Manual,- (,6.7 
644,ES,MINI Cooper S,6500.0,189930 ,2003,163 hp,Gasoline,Manual,- (,8.4 
645,ES,MINI One,7890.0,168000 ,2010,75 hp,Gasoline,Manual,- (,5.1 
646,ES,MINI One,7890.0,168000 ,2010,- hp,Gasoline,Manual,- (,- (
647,ES,MINI Cooper S,8900.0,150000 ,2008,174 hp,Gasoline,Manual,- (,6.2 
648,ES,MINI Cooper Cabrio,9900.0,115935 ,2011,122 hp,Gasoline,Manual,- (,5.7 
649,ES,MINI Cooper Coupe,11300.0,131000 ,2013,122 hp,Gasoline,Manual,- (,- (
650,ES,MINI One D,12890.0,68000 ,2017,95 hp,Diesel,Manual,- (,3.7 
651,ES,MINI One D,12900.0,130000 ,2015,95 hp,Diesel,Manual,- (,3.7 
652,ES,MINI Cooper S,12900.0,84000 ,2006,174 hp,Gasoline,Manual,- (,6.2 
653,ES,MINI One Countryman,13400.0,66700 ,2013,90 hp,Diesel,Manual,- (,4.2 
654,ES,MINI Cooper S,13500.0,97000 ,2011,184 hp,Gasoline,Manual,- (,5.8 
655,ES,MINI Cooper SD,13500.0,43206 ,2012,143 hp,Diesel,Manual,- (,4.3 
656,ES,MINI Cooper S,14490.0,75765 ,2012,184 hp,Gasoline,Manual,- (,5.8 
657,ES,MINI Cooper Countryman,14490.0,74689 ,2015,111 hp,Diesel,Manual,- (,4.2 
658,ES,MINI Cooper Coupe,14800.0,86913 ,2013,184 hp,Gasoline,Automatic,- (,- (
659,ES,MINI Cooper Countryman,14980.0,149990 ,2014,111 hp,Diesel,Automatic,- (,5.6 
660,ES,MINI One,14990.0,89056 ,2018,102 hp,Gasoline,Manual,- (,- (
661,ES,MINI Cooper,15500.0,46714 ,2016,136 hp,Gasoline,Manual,- (,- (
662,ES,MINI Cooper S,16190.0,71725 ,2016,192 hp,Gasoline,Automatic,- (,5.7 
663,ES,MINI Cooper D,16400.0,97000 ,2016,150 hp,Diesel,Manual,- (,4.1 
664,ES,MINI One D,16990.0,59787 ,2017,95 hp,Diesel,Manual,- (,3.7 
665,ES,MINI Cooper SD,17495.0,135000 ,2016,170 hp,Diesel,Manual,- (,4.1 
666,ES,MINI Cooper,18200.0,37490 ,2019,136 hp,Gasoline,Manual,- (,- (
667,ES,MINI Cooper,19400.0,54900 ,2018,136 hp,Gasoline,Automatic,- (,4.8 
668,ES,MINI Cooper Countryman,19999.0,24400 ,2016,111 hp,Diesel,Automatic,- (,5.6 
669,ES,MINI Cooper D,20900.0,84000 ,2017,150 hp,Diesel,Manual,- (,4.7 
670,ES,MINI Cooper Countryman,21595.0,28221 ,2018,136 hp,Gasoline,Automatic,- (,5.5 
671,ES,MINI Cooper Countryman,21800.0,43627 ,2018,136 hp,Gasoline,Automatic,- (,5.5 
672,ES,MINI Cooper S,21900.0,39400 ,2016,192 hp,Gasoline,Manual,- (,5.7 
673,ES,MINI Cooper D Clubman,21990.0,17776 ,2019,136 hp,Gasoline,Automatic,- (,5.2 
674,ES,MINI Cooper SD,23400.0,66923 ,2017,170 hp,Diesel,Automatic,- (,4 
675,ES,MINI Cooper Countryman,24400.0,123300 ,2019,190 hp,Diesel,Automatic,- (,4.5 
676,ES,MINI Cooper S,25572.0,31895 ,2019,190 hp,Gasoline,Automatic,- (,- (
677,ES,MINI Cooper Cabrio,25900.0,25260 ,2019,136 hp,Gasoline,Automatic,- (,5.4 
678,ES,MINI Cooper S Cabrio,25935.0,42837 ,2017,192 hp,Gasoline,Automatic,- (,- (
679,ES,MINI Cooper Countryman,26500.0,37215 ,2020,150 hp,Diesel,Automatic,- (,4.2 
680,,,,,,224 hp,,,,
681,ES,MINI Cooper Countryman,29900.0,59200 ,2019,192 hp,Electric/Gasoline,Automatic,- (,2.1 
682,ES,MINI Cooper S,29900.0,31000 ,2019,136 hp,Gasoline,Automatic,- (,5.4 
683,ES,MINI Cooper Cabrio,30500.0,16945 ,2020,136 hp,Gasoline,Automatic,- (,5.2 
684,ES,MINI Cooper Cabrio,30900.0,22820 ,2020,150 hp,Gasoline,Manual,- (,6.3 
685,ES,MINI Cooper Countryman,30900.0,19620 ,2020,136 hp,Diesel,Automatic,- (,4.2 
686,ES,MINI Cooper,31400.0,3155 ,2020,192 hp,Gasoline,Automatic,- (,5 
687,ES,MINI Cooper S,31490.0,16500 ,2020,211 hp,Gasoline,Automatic,- (,5.2 
688,ES,MINI Cooper S,31900.0,51000 ,2006,136 hp,Gasoline,Manual,- (,9 
689,ES,MINI Cooper Cabrio,32700.0,18268 ,2020,192 hp,Gasoline,Automatic,- (,- (
690,ES,MINI Cooper S Countryman,33400.0,32000 ,2019,,Gasoline,Automatic,- (,6 
691,FR,MINI Cooper SE,8990.0,132500 ,2013,111 hp,Diesel,Automatic,135 ,- (
692,FR,MINI Cooper Countryman,10990.0,143000 ,2013,143 hp,Diesel,Manual,119 ,4.5 
693,FR,MINI Cooper S Countryman,11990.0,97000 ,2013,184 hp,Gasoline,Manual,166 ,7.1 
694,FR,MINI One D,12890.0,106402 ,2018,- hp,Diesel,Manual,- (,- (
695,FR,MINI Cooper D,13950.0,106245 ,2014,114 hp,Diesel,Manual,129 ,- (
696,FR,MINI One,14490.0,75153 ,2018,- hp,Gasoline,Manual,- (,- (
697,FR,MINI,14590.0,94000 ,2012,184 hp,Gasoline,Manual,139 ,- (
698,FR,MINI Cooper S Roadster,14900.0,107000 ,2012,184 hp,Gasoline,Manual,- (,- (
699,FR,MINI,14990.0,23662 ,2017,75 hp,Gasoline,Manual,118 ,5.1 
700,FR,MINI,15125.0,50445 ,2018,75 hp,Gasoline,Manual,111 ,4.9 
701,FR,MINI One D,15499.0,59273 ,2018,97 hp,Diesel,Manual,97 ,- (
702,FR,MINI One,15990.0,16779 ,2019,- hp,Gasoline,Manual,122 ,- (
703,FR,MINI Cooper,16490.0,29000 ,2016,136 hp,Gasoline,Manual,105 ,- (
704,FR,MINI Cooper S,16990.0,40000 ,2016,136 hp,Gasoline,Manual,109 ,- (
705,FR,MINI Cooper,16990.0,24580 ,2016,- hp,Gasoline,Manual,- (,- (
706,FR,MINI One,16999.0,37601 ,2019,- hp,Gasoline,Manual,- (,- (
707,FR,MINI,17350.0,72705 ,2018,136 hp,Gasoline,Automatic,109 ,4.6 
708,FR,MINI Cooper D,17500.0,87798 ,2018,- hp,Diesel,Manual,- (,- (
709,FR,MINI Cooper,17800.0,34500 ,2016,137 hp,Gasoline,Automatic,109 ,- (
710,FR,MINI,18100.0,11065 ,2017,136 hp,Gasoline,Manual,109 ,4.6 
711,FR,MINI,18175.0,23828 ,2018,136 hp,Gasoline,Manual,109 ,4.6 
712,FR,MINI Cooper D,18499.0,30313 ,2015,114 hp,Diesel,Manual,105 ,- (
713,FR,MINI,18500.0,9642 ,2019,102 hp,Gasoline,Manual,122 ,5.4 
714,FR,MINI,18700.0,52477 ,2018,102 hp,Gasoline,Automatic,119 ,5.1 
715,FR,MINI Cooper D,18799.0,98691 ,2018,152 hp,Diesel,Manual,113 ,- (
716,FR,MINI,18950.0,50133 ,2018,116 hp,Diesel,Automatic,103 ,3.9 
717,FR,MINI Cooper,18990.0,18880 ,2016,- hp,Gasoline,Automatic,109 ,- (
718,FR,MINI Cooper,18990.0,87041 ,2017,- hp,Gasoline,Manual,126 ,- (
719,FR,MINI One,18990.0,30168 ,2018,- hp,Gasoline,Manual,122 ,- (
720,FR,MINI,19175.0,28912 ,2019,136 hp,Gasoline,Manual,122 ,5.3 
721,FR,MINI One,19499.0,47261 ,2017,103 hp,Gasoline,Manual,116 ,- (
722,FR,MINI Cooper S,19675.0,97294 ,2016,- hp,Gasoline,Automatic,- (,- (
723,FR,MINI,19825.0,24918 ,2019,102 hp,Gasoline,Automatic,119 ,5.2 
724,FR,MINI One,19890.0,39185 ,2018,- hp,Gasoline,Manual,- (,- (
725,FR,MINI One,19900.0,67725 ,2018,- hp,Gasoline,Automatic,- (,- (
726,FR,MINI One Cabrio,19990.0,55140 ,2016,98 hp,Gasoline,Automatic,154 ,6.6 
727,FR,MINI Cooper D,19990.0,29894 ,2017,- hp,Diesel,Manual,- (,- (
728,FR,MINI One,19990.0,19936 ,2019,- hp,Gasoline,Manual,- (,- (
729,FR,MINI Cooper SD,19999.0,64513 ,2016,145 hp,Diesel,Automatic,154 ,- (
730,FR,MINI Cooper,20399.0,58172 ,2018,- hp,Gasoline,Manual,- (,- (
731,FR,MINI Cooper S,20499.0,65940 ,2017,194 hp,Gasoline,Manual,139 ,- (
732,FR,MINI Cooper,20990.0,58851 ,2018,- hp,Gasoline,Manual,- (,- (
733,FR,MINI Cooper S,20999.0,85095 ,2016,194 hp,Gasoline,Automatic,125 ,- (
734,FR,MINI Cooper,21090.0,34564 ,2019,- hp,Gasoline,Automatic,- (,- (
735,FR,MINI One,21199.0,22495 ,2019,- hp,Gasoline,Manual,- (,- (
736,FR,MINI,21650.0,18400 ,2019,102 hp,Gasoline,Manual,127 ,5.6 
737,FR,MINI One,21890.0,38574 ,2019,- hp,Gasoline,Manual,- (,- (
738,FR,MINI One,21999.0,30673 ,2019,- hp,Gasoline,Automatic,- (,- (
739,FR,MINI Cooper D,22490.0,55050 ,2019,- hp,Diesel,Automatic,- (,- (
740,FR,MINI,22725.0,6680 ,2020,136 hp,Gasoline,Manual,122 ,5.4 
741,FR,MINI,22875.0,22998 ,2020,102 hp,Gasoline,Manual,134 ,5.9 
742,FR,MINI Cooper SD,22900.0,74788 ,2018,- hp,Diesel,Automatic,- (,- (
743,FR,MINI John Cooper Works,22990.0,73944 ,2016,231 hp,Gasoline,Automatic,150 ,6.6 
744,FR,MINI Cooper,22990.0,17000 ,2019,- hp,Gasoline,Automatic,- (,- (
745,FR,MINI,23525.0,67342 ,2018,136 hp,Gasoline,Manual,126 ,5.5 
746,FR,MINI John Cooper Works,23690.0,16800 ,2018,102 hp,Gasoline,Manual,145 ,5 
747,FR,MINI Cooper,23890.0,73752 ,2018,- hp,Gasoline,Manual,- (,- (
748,FR,MINI Cooper,23900.0,32400 ,2020,136 hp,Gasoline,Automatic,109 ,4.8 
749,FR,MINI,23950.0,20926 ,2018,136 hp,Gasoline,Manual,127 ,5.6 
750,FR,MINI One,23990.0,8219 ,2021,- hp,Gasoline,Manual,130 ,- (
751,FR,MINI,24150.0,81710 ,2018,190 hp,Diesel,Automatic,125 ,4.8 
752,FR,MINI Cooper,24299.0,14463 ,2019,- hp,Gasoline,Automatic,- (,- (
753,FR,MINI Cooper,24980.0,26896 ,2020,- hp,Gasoline,Automatic,- (,- (
754,FR,MINI Cooper,24990.0,21362 ,2020,- hp,Gasoline,Automatic,- (,- (
755,FR,MINI One D,24999.0,33608 ,2018,118 hp,Diesel,- (Gearing Type),119 ,- (
756,FR,MINI One D,25790.0,66373 ,2018,- hp,Diesel,Manual,- (,- (
757,FR,MINI Cooper,25990.0,22510 ,2020,- hp,Gasoline,Automatic,137 ,- (
758,FR,MINI John Cooper Works,25990.0,81711 ,2018,- hp,Gasoline,Automatic,- (,- (
759,FR,MINI Cooper D,25999.0,50550 ,2017,- hp,Diesel,Automatic,- (,- (
760,FR,MINI,26150.0,51871 ,2018,192 hp,Gasoline,Automatic,- (,0 
761,FR,MINI John Cooper Works,26490.0,19061 ,2018,- hp,Gasoline,Manual,- (,- (
762,FR,MINI Cooper D,26900.0,89307 ,2018,- hp,Diesel,Automatic,- (,- (
763,FR,MINI,26925.0,1076 ,2021,136 hp,Gasoline,Manual,118 ,5.1 
764,FR,MINI Cooper SE,26990.0,52858 ,2020,- hp,Electric,Automatic,0 ,- (
765,FR,MINI Cooper,26998.0,29954 ,2017,- hp,Gasoline,Automatic,- (,- (
766,FR,MINI,27100.0,11844 ,2020,136 hp,Gasoline,Manual,128 ,5.6 
767,FR,MINI Cooper,27490.0,15700 ,2020,137 hp,Gasoline,- (Gearing Type),135 ,- (
768,FR,MINI Cooper S,27900.0,9900 ,2020,192 hp,Gasoline,Automatic,120 ,5.3 
769,FR,MINI Cooper SE,27990.0,21220 ,2020,- hp,Electric,Automatic,0 ,- (
770,FR,MINI Cooper S,27990.0,25653 ,2019,- hp,Gasoline,Automatic,- (,- (
771,FR,MINI,29050.0,3982 ,2020,102 hp,Gasoline,Manual,- (,0 
772,FR,MINI,29725.0,15932 ,2019,150 hp,Diesel,Automatic,127 ,4.8 
773,FR,MINI Cooper SE,29990.0,13400 ,2021,- hp,Electric,Automatic,0 ,- (
774,FR,MINI Cooper,30688.0,17500 ,2020,136 hp,Gasoline,Automatic,- (,- (
775,FR,MINI,30700.0,7037 ,2019,150 hp,Diesel,Manual,113 ,4.3 
776,FR,MINI John Cooper Works,31499.0,47450 ,2018,234 hp,Gasoline,Automatic,130 ,- (
777,FR,MINI Cooper SE,31999.0,7500 ,2021,186 hp,Electric,Automatic,0 ,- (
778,FR,MINI John Cooper Works,33490.0,5000 ,2020,194 hp,Gasoline,Automatic,139 ,- (
779,FR,MINI Cooper SE,33500.0,4000 ,2022,- hp,Electric,Automatic,0 ,- (
780,FR,MINI Cooper,33785.0,9800 ,2021,- hp,Gasoline,Automatic,- (,- (
781,FR,MINI Cooper,35900.0,1 ,2022,- hp,Gasoline,Automatic,- (,- (
782,FR,MINI Cooper SE,35925.0,10 ,2022,- hp,Electric,Automatic,0 ,- (
783,FR,MINI John Cooper Works,35990.0,19880 ,2021,- hp,Gasoline,Automatic,- (,- (
784,FR,MINI One D,35990.0,7500 ,2021,- hp,Diesel,Automatic,- (,- (
785,FR,MINI Cooper,36380.0,10000 ,2021,- hp,Gasoline,Automatic,- (,- (
786,FR,MINI John Cooper Works,39340.0,9800 ,2021,- hp,Gasoline,Automatic,- (,- (
787,FR,MINI Cooper SE,39745.0,8000 ,2021,- hp,Electric,Automatic,0 ,- (
788,FR,MINI,41275.0,11603 ,2021,231 hp,Gasoline,Automatic,142 ,6.2 
789,FR,MINI Cooper SD,44999.0,30571 ,2021,- hp,Diesel,Automatic,- (,- (
790,FR,MINI John Cooper Works,51999.0,27505 ,2020,310 hp,Gasoline,Automatic,184 ,- (
791,FR,MINI One,6990.0,138053 ,2009,97 hp,Gasoline,Manual,128 ,- (
792,FR,MINI Cooper Cabrio,8990.0,126750 ,2009,116 hp,Gasoline,Manual,174 ,7.3 
793,FR,MINI One D,9980.0,56000 ,2012,90 hp,Diesel,Manual,99 ,3.8 
794,FR,MINI Cooper SD,9990.0,175000 ,2012,145 hp,Diesel,Automatic,160 ,- (
795,FR,MINI One,17490.0,11384 ,2018,103 hp,Gasoline,Manual,111 ,- (
796,FR,MINI Cooper,18900.0,17810 ,2018,136 hp,Gasoline,Manual,- (,- (
797,,,,,,109 hp,,,,
798,,,,,,109 hp,,,,
799,,,,,,91 hp,,,,
800,FR,MINI Cooper D,4950.0,189000 ,2008,- hp,Diesel,Manual,104 ,3.9 
801,,,,,,41 hp,,,,
802,,,,,,,,,,
803,FR,MINI Cooper D,5990.0,147000 ,2008,,Diesel,Manual,104 ,3.9 
804,FR,MINI One D,5990.0,154000 ,2010,,Diesel,Manual,104 ,- (
805,FR,MINI Cooper,6290.0,146000 ,2004,,Gasoline,Automatic,- (,- (
806,FR,MINI,6300.0,90000 ,1991,,Gasoline,Manual,- (,- (
807,,,,,,,,,,
808,,,,,,,,,,
